{
  "name": "Improv",
  "version": "1.0.0",
  "description": "Improv is a free and open standard with ready-made SDKs that offer a great user experience to configure Wi-Fi on devices",
  "keywords": "improv, wi-fi, provision",
  "repository": {
    "type": "git",
    "url": "https://github.com/improv-wifi/sdk-cpp.git"
  },
  "authors": [
    {
      "name": "Jesse Hills"
    }
  ],
  "license": "Apache-2.0",
  "homepage": "https://www.improv-wifi.com/",
  "dependencies": {},
  "frameworks": "*",
  "platforms": "*"
}
